38,3204,虫除け器の生産券
38,3B04,戯曲の生産券
38,3C04,Ｓエッジの生産券
38,CE04,珠剣【氷】生産券
38,CF04,珠剣【火】生産券
38,D004,秘刀【雷】生産券
38,D104,１周年生産券・頭
38,D204,１周年生産券・胴
38,D304,１周年生産券・腕
38,D404,１周年生産券・腰
38,D504,１周年生産券・脚
38,B405,水晶ランス生産券
38,B505,Ｐヘッド生産券
38,B605,Ｐメイル生産券
38,B705,Ｐアーム生産券
38,B805,Ｐコート生産券
38,B905,Ｐブーツ生産券
38,BA05,火竜家具生産券
38,FC05,Ｅエッジの生産券
38,FD05,星祭の生産券
38,FE05,七夕の生産券
38,FF05,Ｎヘッドの生産券
38,4E06,Ｄレイピア生産券
38,4F06,Ｗレイピア生産券
38,5006,ソリッド生産券
38,5106,ソリッド改生産券
38,5206,Ｃ・マテリ生産券
38,5306,リキッド生産券
38,5406,リキッド改生産券
38,5506,Ｃ・エレメ生産券
38,5606,リアン生産券・頭
38,5706,リアン生産券・胴
38,5806,リアン生産券・腕
38,5906,リアン生産券・腰
38,5A06,リアン生産券・脚
38,5E06,ＨＬ生産券
38,5F06,ＥＸ生産券
38,6006,ＣＡ生産券
38,6C06,ＢＰ生産券【１】
38,6D06,ＢＰ生産券【２】
38,6E06,ＢＰ生産券【３】
38,6F06,ＢＰ生産券【４】
38,7006,ＢＰ生産券【５】
38,7106,ＢＰ生産券【６】
38,7206,ＢＰ生産券【７】
38,7306,ＢＰ生産券【８】
38,AB06,フルフルＬ生産券
38,AC06,Ｍクリーク生産券
38,AD06,Ｂマルシュ生産券
38,AE06,屠龍刃生産券
38,AF06,水晶大剣生産券
38,B106,スクァーレ生産券
38,B206,カッツェ生産券
38,B306,ヴォルペ生産券
38,B606,アルマ生産券・頭
38,B706,アルマ生産券・胴
38,B806,アルマ生産券・腕
38,B906,アルマ生産券・腰
38,BA06,アルマ生産券・脚
38,BB06,白猫生産券・頭
38,BC06,白猫生産券・胴
38,BD06,白猫生産券・腕
38,BE06,白猫生産券・腰
38,BF06,白猫生産券・脚
39,C906,ＤＬ生産券
39,D106,ＢＰ２生産券・１
39,D206,ＢＰ２生産券・２
39,D306,ＢＰ２生産券・３
39,D406,ＢＰ２生産券・４
39,D506,ＢＰ２生産券・５
39,D606,ＢＰ２生産券・６
39,D706,ＢＰ２生産券・７
39,D806,ＢＰ２生産券・８
39,D906,ＴＰ生産券・１
39,DA06,ＴＰ生産券・２
39,DB06,ＴＰ生産券・３
39,DC06,ＴＰ生産券・４
39,DD06,ＴＰ生産券・５
39,DF06,Ｇシミター生産券
39,E006,Ｆベルジュ生産券
39,E106,紅水晶生産券
39,E206,紫水晶生産券
39,E306,セラムＺ生産券
39,E406,アイゼンＺ生産券
39,E506,セラムＶ生産券
39,E606,アイゼンＶ生産券
39,E706,ガウシカＨ生産券
39,E906,イクス生産券・頭
39,EA06,イクス生産券・胴
39,EB06,イクス生産券・腕
39,EC06,イクス生産券・腰
39,ED06,イクス生産券・脚
39,F006,メタル生産券・頭
39,F106,メタル生産券・胴
39,F206,メタル生産券・腕
39,F306,メタル生産券・腰
39,F406,メタル生産券・脚
39,F506,ツリー生産券・上
39,0E07,ツリー生産券・中
39,0F07,ツリー生産券・下
39,1107,ＢＰ３生産券・１
39,1207,ＢＰ３生産券・２
39,1307,ＢＰ３生産券・３
39,1407,ＢＰ３生産券・４
39,1507,ＢＰ３生産券・５
39,1607,ＢＰ３生産券・６
39,1707,ＢＰ３生産券・７
39,1807,ＢＰ３生産券・８
39,1B07,ジリーノＡ生産券
39,1C07,テタールＡ生産券
39,1D07,アイルーＫ生産券
39,1E07,メラルーＫ生産券
39,2207,クラウン生産券
39,2307,パビリオン生産券
39,2407,パッドＳ生産券
39,2507,テイルＳ生産券
39,2607,Ｄパライズ生産券
39,2707,Ｌパライズ生産券
39,2807,Ｎアント生産券
39,2907,Ｄポイズン生産券
39,2A07,Ｌポイズン生産券
39,2B07,Ｎヴェスパ生産券
39,2C07,シャラン生産券頭
39,2D07,シャラン生産券胴
39,2E07,シャラン生産券腕
39,2F07,シャラン生産券腰
39,3007,シャラン生産券脚
39,3107,レアル生産券頭
40,3207,レアル生産券胴
40,3307,レアル生産券腕
40,3407,レアル生産券腰
40,3507,レアル生産券脚
40,4307,ＶＩＳＡ生産券
40,D007,ＢＰ４生産券・１
40,D107,ＢＰ４生産券・２
40,D207,ＢＰ４生産券・３
40,D307,ＢＰ４生産券・４
40,D407,ＢＰ４生産券・５
40,D507,ＢＰ４生産券・６
40,D607,ＢＰ４生産券・７
40,D707,ＢＰ４生産券・８
40,DB07,アクアＰ生産券
40,DC07,グロムＰ生産券
40,DD07,フロストＦ生産券
40,DE07,カームＦ生産券
40,DF07,スノウＦ生産券
40,E007,グランＦ生産券
40,E107,Ｆカノン生産券
40,E207,Ｄカノン生産券
40,E307,星鷲弓生産券
40,E407,星琴弓生産券
40,E507,フェルム生産券頭
40,E607,フェルム生産券胴
40,E707,フェルム生産券腕
40,E807,フェルム生産券腰
40,E907,フェルム生産券脚
40,EA07,クレール生産券頭
40,EB07,クレール生産券胴
40,EC07,クレール生産券腕
40,ED07,クレール生産券腰
40,EE07,クレール生産券脚
40,3108,陽飾太刀生産券
40,3208,宵飾太刀生産券
40,3308,ブリッツ生産券
40,3408,パール生産券
40,3508,パラライズ生産券
40,3608,レーヴ生産券
40,3708,アスト生産券
40,3808,マグニ生産券
40,3908,壱式生産券
40,3A08,壱式・改生産券
40,3B08,壱式【駒】生産券
40,3C08,弐式生産券
40,3D08,弐式・改生産券
40,3E08,弐式【駒】生産券
40,3F08,ＴＮ生産券・１
40,4008,ＴＮ生産券・２
40,4108,ＴＮ生産券・３
40,4208,ＴＮ生産券・４
40,4308,ＴＮ生産券・５
40,4408,メレティ生産券頭
40,4508,メレティ生産券胴
40,4608,メレティ生産券腕
40,4708,メレティ生産券腰
40,4808,メレティ生産券脚
40,4908,ゴルト生産券頭
40,4A08,ゴルト生産券胴
40,4B08,ゴルト生産券腕
40,4C08,ゴルト生産券腰
40,4D08,ゴルト生産券脚
40,4E08,ＢＰ５生産券・１
40,4F08,ＢＰ５生産券・２
41,5008,ＢＰ５生産券・３
41,5108,ＢＰ５生産券・４
41,5208,ＢＰ５生産券・５
41,5308,ＢＰ５生産券・６
41,5408,ＢＰ５生産券・７
41,5508,ＢＰ５生産券・８
41,5608,ＴＰ２生産券・１
41,5708,ＴＰ２生産券・２
41,5808,ＴＰ２生産券・３
41,5908,ＴＰ２生産券・４
41,5A08,ＴＰ２生産券・５
41,A208,年間特典生産券
41,E509,カフＰＡ生産券
41,E609,カフＰＢ生産券
41,E709,カフＰＣ生産券
41,FF09,Ｇバローネ生産券
41,000A,Ｐバローネ生産券
41,010A,Ｂエクア生産券
41,020A,Ｈエクア生産券
41,030A,フロストＰ生産券
41,040A,スリープＰ生産券
41,050A,Ｓクレイン生産券
41,060A,Ａクレイン生産券
41,070A,タンクＢ生産券
41,080A,バストンＢ生産券
41,090A,フォートＢ生産券
41,0A0A,タンクＷ生産券
41,0B0A,バストンＷ生産券
41,0C0A,フォートＷ生産券
41,0D0A,アリスト生産券頭
41,0E0A,アリスト生産券胴
41,0F0A,アリスト生産券腕
41,100A,アリスト生産券腰
41,110A,アリスト生産券脚
41,120A,テクスト生産券頭
41,130A,テクスト生産券胴
41,140A,テクスト生産券腕
41,150A,テクスト生産券腰
41,160A,テクスト生産券脚
41,170A,アージェ生産券頭
41,180A,アージェ生産券胴
41,190A,アージェ生産券腕
41,1A0A,アージェ生産券腰
41,1B0A,アージェ生産券脚
41,1C0A,ＢＰ６生産券・１
41,1D0A,ＢＰ６生産券・２
41,1E0A,ＢＰ６生産券・３
41,1F0A,ＢＰ６生産券・４
41,200A,ＢＰ６生産券・５
41,210A,ＢＰ６生産券・６
41,220A,ＢＰ６生産券・７
41,230A,ＢＰ６生産券・８
41,240A,ＥＦ生産券
41,940B,スティフＩ生産券
41,950B,グレーヴＩ生産券
41,960B,マンモスＳ生産券
41,970B,フュリアＳ生産券
41,980B,フレイムＢ生産券
41,990B,アクオンＢ生産券
41,9A0B,スパークＭ生産券
41,9B0B,ドレイクＭ生産券
41,9C0B,金猫大剣生産券
41,9D0B,銀猫大剣生産券
41,9E0B,Ｗボルト生産券
42,9F0B,Ｃファング生産券
42,A00B,Ｔファング生産券
42,A10B,ヒートＳ生産券
42,A20B,ブレイズＳ生産券
42,A30B,フレアＳ生産券
42,A40B,リップルＳ生産券
42,A50B,スヴェルＳ生産券
42,A60B,ローグＳ生産券
42,A70B,金猫砲・壱生産券
42,A80B,金猫砲・弐生産券
42,A90B,金猫砲・参生産券
42,AA0B,銀猫砲・壱生産券
42,AB0B,銀猫砲・弐生産券
42,AC0B,銀猫砲・参生産券
42,AD0B,Ｅマスク緑生産券
42,AE0B,Ｅマスク茶生産券
42,AF0B,Ｅマスク白生産券
42,B00B,レイジ生産券頭
42,B10B,レイジ生産券胴
42,B20B,レイジ生産券腕
42,B30B,レイジ生産券腰
42,B40B,レイジ生産券脚
42,B50B,ランペジ生産券頭
42,B60B,ランペジ生産券胴
42,B70B,ランペジ生産券腕
42,B80B,ランペジ生産券腰
42,B90B,ランペジ生産券脚
42,BA0B,ブレイズ生産券頭
42,BB0B,ブレイズ生産券胴
42,BC0B,ブレイズ生産券腕
42,BD0B,ブレイズ生産券腰
42,BE0B,ブレイズ生産券脚
42,BF0B,ファラン生産券頭
42,C00B,ファラン生産券胴
42,C10B,ファラン生産券腕
42,C20B,ファラン生産券腰
42,C30B,ファラン生産券脚
42,C40B,きんねこ生産券頭
42,C50B,きんねこ生産券胴
42,C60B,きんねこ生産券腕
42,C70B,きんねこ生産券腰
42,C80B,きんねこ生産券脚
42,C90B,ぎんねこ生産券頭
42,CA0B,ぎんねこ生産券胴
42,CB0B,ぎんねこ生産券腕
42,CC0B,ぎんねこ生産券腰
42,CD0B,ぎんねこ生産券脚
42,D20B,Ｐランス生産券黒
42,D30B,Ｐランス生産券白
42,D40B,ＢＰ７生産券・１
42,D50B,ＢＰ７生産券・２
42,D60B,ＢＰ７生産券・３
42,D70B,ＢＰ７生産券・４
42,D80B,ＢＰ７生産券・５
42,D90B,ＢＰ７生産券・６
42,DA0B,ＢＰ７生産券・７
42,DB0B,ＢＰ７生産券・８
42,DC0B,ＴＰ３生産券・１
42,DD0B,ＴＰ３生産券・２
42,DE0B,ＴＰ３生産券・３
42,DF0B,ＴＰ３生産券・４
42,E00B,ＴＰ３生産券・５
42,EA0B,ウォームS生産券
42,EB0B,シャインS生産券
43,EC0B,デザイアS生産券
43,EF0B,ＥＢＸ・Ｃ生産券
43,F00B,ＥＢＸ・Ｐ生産券
43,F10B,ＥＢＸ・Ｅ生産券
43,F70B,スフィア生産券頭
43,F80B,スフィア生産券胴
43,F90B,スフィア生産券腕
43,FA0B,スフィア生産券腰
43,FB0B,スフィア生産券脚
43,B10C,ヘイルＰ生産券
43,B20C,トクシＰ生産券
43,B30C,アクアＣ生産券
43,B40C,メタルＣ生産券
43,B50C,ヴェノムＳ生産券
43,B60C,エレクトＳ生産券
43,B70C,ナガＷ生産券
43,B80C,ハイドラＷ生産券
43,B90C,スラッグＬ生産券
43,BA0C,ネイドＬ生産券
43,BB0C,アルティＬ生産券
43,BC0C,リザードＭ生産券
43,BD0C,スケイルＭ生産券
43,BE0C,ドラコＭ生産券
43,BF0C,リゲリア生産券頭
43,C00C,リゲリア生産券胴
43,C10C,リゲリア生産券腕
43,C20C,リゲリア生産券腰
43,C30C,リゲリア生産券脚
43,C40C,ＴＮ２生産券・１
43,C50C,ＴＮ２生産券・２
43,C60C,ＴＮ２生産券・３
43,C70C,ＴＮ２生産券・４
43,C80C,ＴＮ２生産券・５
43,C90C,スリート生産券頭
43,CA0C,スリート生産券胴
43,CB0C,スリート生産券腕
43,CC0C,スリート生産券腰
43,CD0C,スリート生産券脚
43,CE0C,カマレラ生産券頭
43,CF0C,カマレラ生産券胴
43,D00C,カマレラ生産券腕
43,D10C,カマレラ生産券腰
43,D20C,カマレラ生産券脚
43,D30C,ＢＰ８生産券・１
43,D40C,ＢＰ８生産券・２
43,D50C,ＢＰ８生産券・３
43,D60C,ＢＰ８生産券・４
43,D70C,ＢＰ８生産券・５
43,D80C,ＢＰ８生産券・６
43,D90C,ＢＰ８生産券・７
43,DA0C,ＢＰ８生産券・８
43,DB0C,雷豪鎌生産券
43,DC0C,灼熱鎌生産券
43,DD0C,恐龍鎌生産券
43,040D,ＤＲ２生産券・頭
43,050D,ＤＲ２生産券・胴
43,060D,ＤＲ２生産券・腕
43,080D,ＤＲ２生産券・脚
43,090D,ＤＲ２生産券・角
43,020E,SSF?生産券頭
43,030E,SSF?生産券胴
43,040E,SSF?生産券腕
43,050E,SSF?生産券腰
43,060E,SSF?生産券脚
44,090E,フレイムＴ生産券
44,0A0E,レインＴ生産券
44,0B0E,ショックＳ生産券
44,0C0E,リザードＳ生産券
44,0D0E,ステノ生産券頭
44,0E0E,ステノ生産券胴
44,0F0E,ステノ生産券腕
44,100E,ステノ生産券腰
44,110E,ステノ生産券脚
44,120E,メテネラ生産券頭
44,130E,メテネラ生産券胴
44,140E,メテネラ生産券腕
44,150E,メテネラ生産券腰
44,160E,メテネラ生産券脚
44,170E,ポイズンＦ生産券
44,180E,アトラルＦ生産券
44,1E0E,アルティ生産券赤
44,1F0E,アルティ生産券水
44,200E,アルティ生産券白
44,210E,フェル生産券
44,220E,アシエル生産券
44,230E,ＬＣ生産券赤
44,240E,ＬＣ生産券青
44,250E,ＬＣ生産券緑
44,260E,レイノ生産券
44,270E,レプブリカ生産券
44,280E,フェデ生産券
44,290E,バロン生産券
44,2A0E,コンデ生産券
44,2B0E,マルケス生産券
44,2F0E,バーニー生産券頭
44,300E,バーニー生産券胴
44,310E,バーニー生産券腕
44,320E,バーニー生産券腰
44,330E,バーニー生産券脚
44,580E,ＢＰ９生産券・１
44,590E,ＢＰ９生産券・２
44,5A0E,ＢＰ９生産券・３
44,5B0E,ＢＰ９生産券・４
44,5C0E,ＢＰ９生産券・５
44,5D0E,ＢＰ９生産券・６
44,5E0E,ＢＰ９生産券・７
44,5F0E,ＢＰ９生産券・８
44,600E,ＴＰ４生産券・１
44,610E,ＴＰ４生産券・２
44,620E,ＴＰ４生産券・３
44,630E,ＴＰ４生産券・４
44,640E,ＴＰ４生産券・５
44,690E,ガルデＳ生産券
44,6A0E,アギタＳ生産券
44,6B0E,ディグスＳ生産券
44,6C0E,エルキーＬ生産券
44,6D0E,イスキーＬ生産券
44,6E0E,クレーヌＬ生産券
44,8E0F,モルデノＰ生産券
44,8F0F,ステンオＲ生産券
44,AE0F,Ｎフォース生産券
44,AF0F,Ｎバウム生産券
44,B00F,Ｖジュエル生産券
44,B10F,Ｖリーバ生産券
44,B20F,Ａリーフ生産券
44,B30F,Ａデリーヴ生産券
44,B40F,バーティＱ生産券
44,B50F,Ａローズ生産券
45,B60F,Ａデローゼ生産券
45,B70F,キヴァラＱ生産券
45,B80F,エディオ生産券頭
45,B90F,エディオ生産券胴
45,BA0F,エディオ生産券腕
45,BB0F,エディオ生産券腰
45,BC0F,エディオ生産券脚
45,BD0F,アビット生産券頭
45,BE0F,アビット生産券胴
45,BF0F,アビット生産券腕
45,C00F,アビット生産券腰
45,C10F,アビット生産券脚
45,CA0F,SSF?生産券頭２
45,CB0F,SSF?生産券胴２
45,CC0F,SSF?生産券腕２
45,CD0F,SSF?生産券腰２
45,CE0F,SSF?生産券脚２
45,CF0F,SSF?生産券頭Ｘ
45,D00F,SSF?生産券胴Ｘ
45,D10F,SSF?生産券腕Ｘ
45,D20F,SSF?生産券腰Ｘ
45,D30F,SSF?生産券脚Ｘ
45,D40F,SSF?生産券頭Ｆ
45,D50F,SSF?生産券胴Ｆ
45,D60F,SSF?生産券腕Ｆ
45,D70F,SSF?生産券腰Ｆ
45,D80F,SSF?生産券脚Ｆ
45,E20F,ＢＰ10生産券・１
45,E30F,ＢＰ10生産券・２
45,E40F,ＢＰ10生産券・３
45,E50F,ＢＰ10生産券・４
45,E60F,ＢＰ10生産券・５
45,E70F,ＢＰ10生産券・６
45,E80F,ＢＰ10生産券・７
45,E90F,ＢＰ10生産券・８
45,EA0F,ダンシンＰ生産券
45,EB0F,アメニケＰ生産券
45,EC0F,草薙生産券
45,ED0F,蜘蛛切生産券
45,EE0F,遠山生産券
45,EF0F,小烏丸生産券
45,F00F,蘭陀生産券頭
45,F10F,蘭陀生産券胴
45,F20F,蘭陀生産券腕
45,F30F,蘭陀生産券腰
45,F40F,蘭陀生産券脚
45,F50F,クーチョ生産券
45,F60F,リュート生産券
45,F70F,ニャンシン生産券
45,0510,ナランハＳ生産券
45,0610,サープラＳ生産券
45,0710,ヴェールＳ生産券
45,0911,ポイゾナー生産券
45,0A11,パラライピ生産券
45,0B11,デモンズＲ生産券
45,0C11,カフＰＡ生産券?
45,0D11,カフＰＢ生産券?
45,0E11,カフＰＣ生産券?
45,1411,ＴＰ５生産券・１
45,1511,ＴＰ５生産券・２
45,1611,ＴＰ５生産券・３
45,1711,ＴＰ５生産券・４
45,1811,ＴＰ５生産券・５
45,1911,エナ生産券?
46,1A11,エナ生産券?
46,1B11,エナ生産券?
46,1C11,エナ生産券?
46,1D11,エナ生産券?
46,1E11,エナ生産券?
46,1F11,エナ生産券?
46,2011,エナ生産券?
46,2111,ＳエンテＨ生産券
46,2211,ノッテＨ生産券
46,2311,プラートＨ生産券
46,3711,ＢＰ11生産券・１
46,3811,ＢＰ11生産券・２
46,3911,ＢＰ11生産券・３
46,3A11,ＢＰ11生産券・４
46,3B11,ＢＰ11生産券・５
46,3C11,ＢＰ11生産券・６
46,3D11,ＢＰ11生産券・７
46,3E11,ＢＰ11生産券・８
46,3F11,マイスト生産券頭
46,4011,マイスト生産券胴
46,4111,マイスト生産券腕
46,4211,マイスト生産券腰
46,4311,マイスト生産券脚
46,4411,工房水双生産券
46,4511,工房双炎生産券
46,4611,工房弓生産券
46,4711,工房水弓生産券
46,4F11,Ｗスプーン生産券
46,5011,Ｆスプーン生産券
46,5111,プリティＨ生産券
46,5211,ラスティＨ生産券
46,5311,ラブリーＧ生産券
46,5411,ラブリーＡ生産券
46,5511,ラブリーＳ生産券
46,5611,ベイビーＧ生産券
46,5711,ベイビーＡ生産券
46,5811,ベイビーＢ生産券
46,5911,プーギー生産券頭
46,5A11,プーギー生産券胴
46,5B11,プーギー生産券腕
46,5C11,プーギー生産券腰
46,5D11,プーギー生産券脚
46,5E11,マンドラ生産券頭
46,5F11,マンドラ生産券胴
46,6011,マンドラ生産券腕
46,6111,マンドラ生産券腰
46,6211,マンドラ生産券脚
46,6311,アオノコ生産券頭
46,6411,アオノコ生産券胴
46,6511,アオノコ生産券腕
46,6611,アオノコ生産券腰
46,6711,アオノコ生産券脚
46,AF12,ドレックＰ生産券
46,B012,ヴェニノＰ生産券
46,B112,イエラＢ生産券
46,B212,ドレックＢ生産券
46,B312,トラス生産券頭
46,B412,トラス生産券胴
46,B512,トラス生産券腕
46,B612,トラス生産券腰
46,B712,トラス生産券脚
46,C312,ナギアＬ生産券
46,C412,テュールＬ生産券
46,C512,マジョルノ生産券
47,C612,カツェルノ生産券
47,C712,ユニアタ生産券
47,C812,ユニアティ生産券
47,C912,ユニカンＧ生産券
47,CA12,イクルタ生産券
47,CB12,イクルティ生産券
47,CC12,イクロンＧ生産券
47,CD12,ガリトス生産券頭
47,CE12,ガリトス生産券胴
47,CF12,ガリトス生産券腕
47,D012,ガリトス生産券腰
47,D112,ガリトス生産券脚
47,D212,リブリー生産券頭
47,D312,リブリー生産券胴
47,D412,リブリー生産券腕
47,D512,リブリー生産券腰
47,D612,リブリー生産券脚
47,D712,ＢＰ12生産券・１
47,D812,ＢＰ12生産券・２
47,D912,ＢＰ12生産券・３
47,DA12,ＢＰ12生産券・４
47,DB12,ＢＰ12生産券・５
47,DC12,ＢＰ12生産券・６
47,DD12,ＢＰ12生産券・７
47,DE12,ＢＰ12生産券・８
47,EE12,アイスＣ生産券
47,EF12,サンダーＢ生産券
47,F212,シールドＨ生産券
47,F312,エバーＳ生産券
47,F412,スタンＣ生産券
47,F512,Ｖヴェノム生産券
47,F812,Ｉソード生産券
47,F912,Ｌソード生産券
47,FA12,隠剣生産券
47,FB12,刃刈生産券
47,FC12,Ｖ生産券・頭
47,FD12,Ｖ生産券・胴
47,FE12,Ｖ生産券・腕
47,FF12,Ｖ生産券・腰
47,0013,Ｖ生産券・脚
47,0113,ブレイブ生産券
47,0213,セケン生産券?
47,0313,セケン生産券?
47,0413,セケン生産券?
47,0513,セケン生産券?
47,0613,セケン生産券?
47,0713,セケン生産券?
47,0813,セケン生産券?
47,0913,セケン生産券?
47,0A13,クロッス生産券頭
47,0B13,クロッス生産券胴
47,0C13,クロッス生産券腕
47,0D13,クロッス生産券腰
47,0E13,クロッス生産券脚
47,0F13,コーン生産券・白
47,1013,コーン生産券・茶
47,1113,コーン生産券・緑
47,1213,コーン生産券・桃
47,1313,パピリ生産券・白
47,1413,パピリ生産券・茶
47,1513,パピリ生産券・緑
47,1613,パピリ生産券・桃
47,0D14,リベッツＬ生産券
47,0E14,イドゥＡ生産券
48,0F14,オーディＬ生産券
48,1014,アルモＬ生産券
48,1314,カウチュ生産券頭
48,1414,カウチュ生産券胴
48,1514,カウチュ生産券腕
48,1614,カウチュ生産券腰
48,1714,カウチュ生産券脚
48,4A14,ＢＰ13生産券・１
48,4B14,ＢＰ13生産券・２
48,4C14,ＢＰ13生産券・３
48,4D14,ＢＰ13生産券・４
48,4E14,ＢＰ13生産券・５
48,4F14,ＢＰ13生産券・６
48,5014,ＢＰ13生産券・７
48,5114,ＢＰ13生産券・８
48,5214,コルセーヌ生産券
48,5314,ミアローク生産券
48,5414,ミオルヴァ生産券
48,5514,オグスナー生産券
48,5614,デュローＤ生産券
48,5714,タミルＴ生産券
48,5814,オメット生産券頭
48,5914,オメット生産券胴
48,5A14,オメット生産券腕
48,5B14,オメット生産券腰
48,5C14,オメット生産券脚
48,8614,ポキカ生産券・茶
48,8714,ポキカ生産券・苺
48,8814,ポキカ生産券・縞
48,8914,ポキカ生産券・白
48,8A14,ジオ生産券?
48,8B14,ジオ生産券?
48,8C14,ジオ生産券?
48,8D14,ジオ生産券?
48,8E14,ジオ生産券?
48,8F14,ジオ生産券?
48,9014,ジオ生産券?
48,9114,ジオ生産券?
48,9514,Ｄエッジ生産券
48,9614,Ｗエッジ生産券
48,9714,Ｆエッジ生産券
48,9814,ＴＰ６生産券・１
48,9914,ＴＰ６生産券・２
48,9A14,ＴＰ６生産券・３
48,9B14,ＴＰ６生産券・４
48,9C14,ＴＰ６生産券・５
48,D914,クローニＰ生産券
48,DA14,アハバーＰ生産券
48,C315,カエシス生産券頭
48,C415,カエシス生産券胴
48,C515,カエシス生産券腕
48,C615,カエシス生産券腰
48,C715,カエシス生産券脚
48,C815,ゲローＧ生産券
48,C915,ウルナＧ生産券
48,CA15,セドゥＭ生産券
48,CB15,プルＭ生産券
48,CC15,フェイムＳ生産券
48,CD15,カリュプＳ生産券
48,CE15,カノＡ生産券
48,CF15,アルグムＳ生産券
48,D015,ラティヌＳ生産券
48,D115,ウルＢ生産券
48,FA15,リュウソウ生産券
49,FB15,Ｄアイス生産券
49,FC15,Ｉボウガン生産券
49,FD15,Ｉバレッツ生産券
49,FE15,Ｉブラスト生産券
49,FF15,Ｉアサルト生産券
49,0016,Ｓボウガン生産券
49,0116,Ｓバレッツ生産券
49,0216,Ｓブラスト生産券
49,0316,Ｓアサルト生産券
49,0416,シエナ生産券頭
49,0516,シエナ生産券胴
49,0616,シエナ生産券腕
49,0716,シエナ生産券腰
49,0816,シエナ生産券脚
49,1716,Ｓツィータ生産券
49,1816,Ｎツィータ生産券
49,1916,Ｓファナレ生産券
49,1A16,Ｎファナレ生産券
49,1B16,ガウス生産券頭
49,1C16,ガウス生産券胴
49,1D16,ガウス生産券腕
49,1E16,ガウス生産券腰
49,1F16,ガウス生産券脚
49,2016,ウェーバ生産券頭
49,2116,ウェーバ生産券胴
49,2216,ウェーバ生産券腕
49,2316,ウェーバ生産券腰
49,2416,ウェーバ生産券脚
49,2516,Ｇバート生産券頭
49,2616,Ｇバート生産券胴
49,2716,Ｇバート生産券腕
49,2816,Ｇバート生産券腰
49,2916,Ｇバート生産券脚
49,2A16,トリア生産券?
49,2B16,トリア生産券?
49,2C16,トリア生産券?
49,2D16,トリア生産券?
49,2E16,トリア生産券?
49,2F16,トリア生産券?
49,3016,トリア生産券?
49,3116,トリア生産券?
49,3216,ＢＰ14生産券・１
49,3316,ＢＰ14生産券・２
49,3416,ＢＰ14生産券・３
49,3516,ＢＰ14生産券・４
49,3616,ＢＰ14生産券・５
49,3716,ＢＰ14生産券・６
49,3816,ＢＰ14生産券・７
49,3916,ＢＰ14生産券・８
49,3A16,クラウドＢ生産券
49,3B16,ファイアＢ生産券
49,3C16,ドラグンＳ生産券
49,8C16,特別防具生産券
49,8217,パリン生産券白茶
49,8317,パリン生産券白苺
49,8417,パリン生産券茶緑
49,8517,パリン生産券苺茶
49,8617,Ｓパリ生産券茶茶
49,8717,Ｓパリ生産券苺苺
49,B317,ＢＰ15生産券・１
49,B417,ＢＰ15生産券・２
49,B517,ＢＰ15生産券・３
49,B617,ＢＰ15生産券・４
49,B717,ＢＰ15生産券・５
50,B817,ＢＰ15生産券・６
50,B917,ＢＰ15生産券・７
50,C817,アガマ生産券
50,C917,ビア生産券
50,CA17,アクア生産券
50,CB17,ゾデック生産券頭
50,CC17,ゾデック生産券胴
50,CD17,ゾデック生産券腕
50,CE17,ゾデック生産券腰
50,CF17,ゾデック生産券脚
50,D017,ウィール生産券
50,D117,オヴィリ生産券
50,D217,オハイー生産券
50,D317,インデュ生産券
50,D417,パスオク生産券
50,D517,パスアミ生産券
50,D617,パスダイナ生産券
50,D717,ピスカーリ生産券
50,D817,ピスクリン生産券
50,D917,ピスコール生産券
50,DA17,ナグリン生産券
50,DB17,カリギュ生産券
50,DC17,キャヴァ生産券
50,DD17,ネコダイ生産券
50,DE17,マウント生産券
50,DF17,グランデ生産券
50,E017,ラヴィア生産券
50,E417,ドラグーン生産券
50,E517,Ｌバースト生産券
50,E617,ラスター生産券
50,E717,シュテルン生産券
50,E817,レイスト生産券頭
50,E917,レイスト生産券胴
50,EA17,レイスト生産券腕
50,EB17,レイスト生産券腰
50,EC17,レイスト生産券脚
50,ED17,フエゴ生産券
50,EE17,パラ生産券
50,EF17,ヴァダ生産券
50,F017,ベネノ生産券
50,F117,ロン生産券
50,FA18,フォートＣ生産券
50,FB18,フォートＳ生産券
50,FC18,ラストＬ生産券
50,FD18,ドラゴンＭ生産券
50,FE18,バーストＳ生産券
50,FF18,シャドウＳ生産券
50,0019,パピプペ生産券Ａ
50,0119,パピプペ生産券Ｂ
50,0219,パピプペ生産券Ｃ
50,0319,炎龍剣生産券
50,0419,毒龍剣生産券
50,0519,雷斬刀生産券
50,0619,流斬刀生産券
50,0719,神威生産券
50,0819,神威幻生産券
50,0919,神威幻魔生産券
50,0A19,神威幻魔王生産券
50,0B19,神居生産券
50,0C19,神居幻生産券
50,0D19,神居幻魔生産券
50,0E19,神居幻魔王生産券
50,0F19,鬼武者生産券頭
50,1019,鬼武者生産券胴
51,1119,鬼武者生産券腕
51,1219,鬼武者生産券腰
51,1319,鬼武者生産券脚
51,1419,Ｈネイル生産券
51,1519,Ｍネイル生産券
51,1619,Ｅポール生産券
51,1719,Ｐポール生産券
51,1819,Ｗプリック生産券
51,1919,Ｈプリック生産券
51,1A19,クロース生産券頭
51,1B19,クロース生産券胴
51,1C19,クロース生産券腕
51,1D19,クロース生産券腰
51,1E19,クロース生産券脚
51,2619,グロリア生産券頭
51,2719,グロリア生産券胴
51,2819,グロリア生産券腕
51,2919,グロリア生産券腰
51,2A19,グロリア生産券脚
51,2B19,ＳＦ２５生産券頭
51,2C19,ＳＦ２５生産券胴
51,2D19,ＳＦ２５生産券腕
51,2E19,ＳＦ２５生産券腰
51,2F19,ＳＦ２５生産券脚
51,3019,鬼武者魂生産券頭
51,3119,鬼武者魂生産券胴
51,3219,鬼武者魂生産券腕
51,3319,鬼武者魂生産券腰
51,3419,鬼武者魂生産券脚
51,3519,鬼武者極生産券頭
51,3619,鬼武者極生産券胴
51,3719,鬼武者極生産券腕
51,3819,鬼武者極生産券腰
51,3919,鬼武者極生産券脚
51,4619,ファース生産券
51,4719,ハーツ生産券
51,4819,クライ生産券
51,4919,セントピ生産券Ａ
51,4A19,セントピ生産券Ｂ
51,4B19,セントピ生産券Ｃ
51,4C19,Ｄブレイド生産券
51,4D19,Ｒブレイド生産券
51,4E19,Ｃランス生産券
51,4F19,Ｋランス生産券
51,5019,Ｓモルタル生産券
51,5119,Ｗモルタル生産券
51,5219,Ａモルタル生産券
51,5319,Ｂモルタル生産券
51,5419,Ｓカルバリ生産券
51,5519,Ｗカルバリ生産券
51,5619,Ａカルバリ生産券
51,5719,Ｂカルバリ生産券
51,861B,イェルＲ生産券
51,871B,カレトＲ生産券
51,881B,ジアルＲ生産券
51,891B,ブルＲ生産券
51,8A1B,キリノＴ生産券
51,8B1B,ヴレＴ生産券
51,8C1B,ＢＧ１生産券・１
51,8D1B,ＢＧ１生産券・２
51,8E1B,ＢＧ１生産券・３
51,8F1B,ＢＧ１生産券・４
51,901B,ＢＧ１生産券・５
51,911B,ＢＧ１生産券・６
52,921B,ＢＧ１生産券・７
52,B51B,伊達装束生産券頭
52,B61B,伊達装束生産券胴
52,B71B,伊達装束生産券腕
52,B81B,伊達装束生産券腰
52,B91B,伊達装束生産券脚
52,BA1B,ブライト生産券頭
52,BB1B,ブライト生産券胴
52,BC1B,ブライト生産券腕
52,BD1B,ブライト生産券腰
52,BE1B,ブライト生産券脚
52,BF1B,ジュアリ生産券頭
52,C01B,ジュアリ生産券胴
52,C11B,ジュアリ生産券腕
52,C21B,ジュアリ生産券腰
52,C31B,ジュアリ生産券脚
52,C41B,ティンク生産券頭
52,C51B,ティンク生産券胴
52,C61B,ティンク生産券腕
52,C71B,ティンク生産券腰
52,C81B,ティンク生産券脚
52,C91B,マゴス生産券頭
52,CA1B,マゴス生産券胴
52,CB1B,マゴス生産券腕
52,CC1B,マゴス生産券腰
52,CD1B,マゴス生産券脚
52,FA1B,Ｂエッジ生産券
52,FB1B,Ｔアンガー生産券
52,FC1B,Ｄギア生産券
52,FD1B,Ｂロア生産券
52,FE1B,IMカービン生産券
52,FF1B,IMキャノン生産券
52,001C,IMバースト生産券
52,011C,IMアサルト生産券
52,021C,IMプレデタ生産券
52,031C,バトルFU生産券
52,041C,レイジンFU生産券
52,051C,クリーピFU生産券
52,061C,アビサルFU生産券
52,071C,レインFU生産券
52,081C,アルティ生産券紫
52,091C,ストレイ生産券紫
52,0B1C,アルドル生産券黄
52,0C1C,アルドル生産券黒
52,0D1C,アルドル生産券紫
52,0E1C,ポルトＬ生産券鉛
52,101C,ポルトＬ生産券赤
52,111C,ポルトＬ生産券黄
52,121C,ポルトＬ生産券白
52,131C,ポルトＬ生産券黒
52,141C,二槍朱羅生産券
52,151C,二槍紅牙生産券
52,161C,十文朱羅生産券
52,171C,十文紅牙生産券
52,181C,真田装束生産券頭
52,191C,真田装束生産券胴
52,1A1C,真田装束生産券腕
52,1B1C,真田装束生産券腰
52,1C1C,真田装束生産券脚
52,1D1C,約束勝利剣生産券
52,1E1C,勝利黄金剣生産券
52,1F1C,干将・莫耶生産券
52,201C,投影偽螺旋生産券
52,211C,Fate／SN生産券頭
53,221C,Fate／SN生産券胴
53,231C,Fate／SN生産券腕
53,241C,Fate／SN生産券腰
53,251C,Fate／SN生産券脚
53,261C,ミクキー生産券
53,271C,初音鍵盤生産券
53,281C,ミクホン生産券
53,291C,初音声楽生産券
53,2A1C,ミクコス生産券頭
53,2B1C,ミクコス生産券胴
53,2C1C,ミクコス生産券腕
53,2D1C,ミクコス生産券腰
53,2E1C,ミクコス生産券脚
53,2F1C,六爪流景秀生産券
53,301C,六爪流爪駆生産券
53,311C,一刀流景秀生産券
53,321C,一刀流爪駆生産券
53,331C,ディライ生産券
53,341C,バリアシ生産券
53,351C,イクサガ生産券Ａ
53,361C,イクサガ生産券Ｂ
53,3F1C,エインＡ生産券
53,681C,IMトーメン生産券
53,691C,ラビナFU生産券
53,921C,ピクス生産券頭
53,931C,ピクス生産券胴
53,941C,ピクス生産券腕
53,951C,ピクス生産券腰
53,961C,ピクス生産券脚
53,971C,ミスティＲ生産券
53,981C,テリファＲ生産券
53,991C,ヘックスＨ生産券
53,9A1C,レックＨ生産券
53,9B1C,ヴァリアＲ生産券
53,9C1C,ヴァリアＳ生産券
53,9D1C,ヴァリアＣ生産券
53,9E1C,ヴァリアＤ生産券
53,9F1C,ヴァリアＢ生産券
53,A01C,ヴァリアＭ生産券
53,A11C,エッセンＲ生産券
53,A21C,エッセンＳ生産券
53,A31C,エッセンＣ生産券
53,A41C,エッセンＤ生産券
53,A51C,エッセンＢ生産券
53,A61C,エッセンＡ生産券
53,0B1D,ユニカムＢ生産券
53,0C1D,ユニカムＰ生産券
53,0D1D,イクロムBU生産券
53,0E1D,イクロムBI生産券
53,0F1D,ナーデルＰ生産券
53,101D,ナーデルＤ生産券
53,111D,ナーデルＴ生産券
53,121D,ナーデルＭ生産券
53,131D,カービスＭ生産券
53,141D,カルドラＭ生産券
53,151D,カービスＥ生産券
53,161D,カルドラＥ生産券
53,171D,バスターＬ生産券
53,181D,ヒュドラＭ生産券
53,191D,エイリアＱ生産券
53,1A1D,エイリアＷ生産券
53,1B1D,トーメンＱ生産券
53,1C1D,トーメンＷ生産券
53,3F1D,ナッツＧ生産券
54,401D,チョコＧ生産券
54,411D,クッキーＧ生産券
54,421D,レーズンＧ生産券
54,321F,ダクスＨ生産券
54,331F,ダクスＡ生産券
54,341F,ライノＳ生産券
54,351F,ライノＴ生産券
54,361F,バグズＯ生産券
54,371F,バグズＢ生産券
54,381F,セクティ生産券頭
54,391F,セクティ生産券胴
54,3A1F,セクティ生産券腕
54,3B1F,セクティ生産券腰
54,3C1F,セクティ生産券脚
54,3D1F,ロジＢ生産券
54,3E1F,グリンデＰ生産券
54,3F1F,ＧＥレギル生産券
54,401F,ＧＥドーレ生産券
54,411F,アドニスＲ生産券
54,421F,メルガイＳ生産券
54,431F,ノクタＢ生産券
54,441F,ベロナＭ生産券
54,451F,クロワＢ生産券
54,461F,ユエンＢ生産券
54,471F,スタウロＳ生産券
54,481F,ロンドゥＳ生産券
54,491F,ルントＨ生産券
54,4A1F,クラウスＨ生産券
54,4B1F,アミロ生産券頭
54,4C1F,アミロ生産券胴
54,4D1F,アミロ生産券腕
54,4E1F,アミロ生産券腰
54,4F1F,アミロ生産券脚
54,501F,メトリー生産券頭
54,511F,メトリー生産券胴
54,521F,メトリー生産券腕
54,531F,メトリー生産券腰
54,541F,メトリー生産券脚
54,F41F,Ｐローム生産券
54,FC1F,Ｓリステ生産券
54,FD1F,Ｇギャルド生産券
54,FE1F,Ｅグリード生産券
54,FF1F,Ａジーク生産券
54,0020,Ｎスヴェア生産券
54,0120,Ｈネード生産券
54,0220,ＢＧ２生産券・１
54,0320,ＢＧ２生産券・２
54,0420,ＢＧ２生産券・３
54,0520,ＢＧ２生産券・４
54,0620,ＢＧ２生産券・５
54,0720,ＢＧ２生産券・６
54,0820,ＢＧ２生産券・７
54,8A20,カフＰＡ生産券Ｇ
54,8B20,カフＰＢ生産券Ｇ
54,8C20,カフＰＣ生産券Ｇ
54,8D20,乱神大剣生産券
54,8E20,黒天大剣生産券
54,9020,紅我大剣生産券
54,9120,白天大剣生産券
54,9320,Ｅヴァング生産券
54,9520,ＧＴＵＮＥ生産券
54,9620,ラディウス生産券
54,9720,ゲノムＳ生産券
54,9820,プロテオＢ生産券
55,9920,スパインＤ生産券
55,9A20,ナランＪ生産券
55,9B20,ガンドＳ生産券
55,9C20,ユーＳ生産券
55,9D20,封剣Ｆ生産券
55,9E20,裏剣Ｆ生産券
55,9F20,フィアＳ生産券
55,A020,ヴィオＳ生産券
55,A120,ビオＳ生産券
55,A220,フィジオＳ生産券
55,A320,フィロダス生産券
55,A420,フュアコル生産券
55,A520,神威再臨生産券
55,A620,神居再臨生産券
55,A720,ジェラ?生産券
55,A820,エピデ?生産券
55,A920,トワルフＰ生産券
55,AA20,デオギスＪ生産券
55,AB20,双聖器Ｎ生産券
55,AC20,蛇弓Ｎ生産券
55,2221,ノヴィー生産券頭
55,2321,ノヴィー生産券胴
55,2421,ノヴィー生産券腕
55,2521,ノヴィー生産券腰
55,2621,ノヴィー生産券脚
55,2C21,リグイ生産券頭
55,2D21,リグイ生産券胴
55,2E21,リグイ生産券腕
55,2F21,リグイ生産券腰
55,3021,リグイ生産券脚
55,3621,FE覚醒生産券頭
55,3721,FE覚醒生産券胴
55,3821,FE覚醒生産券腕
55,3921,FE覚醒生産券腰
55,3A21,FE覚醒生産券脚
55,3B21,DMC生産券頭
55,3C21,DMC生産券胴
55,3D21,DMC生産券腕
55,3E21,DMC生産券腰
55,3F21,DMC生産券脚
55,4021,ゲルト生産券頭
55,4121,ゲルト生産券胴
55,4221,ゲルト生産券腕
55,4321,ゲルト生産券腰
55,4421,ゲルト生産券脚
55,4521,ゲノム生産券頭
55,4621,ゲノム生産券胴
55,4721,ゲノム生産券腕
55,4821,ゲノム生産券腰
55,4921,ゲノム生産券脚
55,4A21,デヴォル生産券頭
55,4B21,デヴォル生産券胴
55,4C21,デヴォル生産券腕
55,4D21,デヴォル生産券腰
55,4E21,デヴォル生産券脚
55,4F21,SFCP生産券・頭
55,5021,SFCP生産券・胴
55,5121,SFCP生産券・腕
55,5221,SFCP生産券・腰
55,5321,SFCP生産券・脚
55,5421,Ｖ?生産券・頭
55,5521,Ｖ?生産券・胴
55,5621,Ｖ?生産券・腕
55,5721,Ｖ?生産券・腰
56,5821,Ｖ?生産券・脚
56,5921,サーブル生産券頭
56,5A21,サーブル生産券胴
56,5B21,サーブル生産券腕
56,5C21,サーブル生産券腰
56,5D21,サーブル生産券脚
56,5E21,ルワジュ生産券頭
56,5F21,ルワジュ生産券胴
56,6021,ルワジュ生産券腕
56,6121,ルワジュ生産券腰
56,6221,ルワジュ生産券脚
56,6321,ノメル生産券頭
56,6421,ノメル生産券胴
56,6521,ノメル生産券腕
56,6621,ノメル生産券腰
56,6721,ノメル生産券脚
56,6821,Fate?生産券頭
56,6921,Fate?生産券胴
56,6A21,Fate?生産券腕
56,6B21,Fate?生産券腰
56,6C21,Fate?生産券脚
56,6D21,リベリオン生産券
56,6E21,Ｒ改生産券
56,6F21,ジェラ?生産券
56,7021,エピデ?生産券
56,7121,ジェラ?生産券
56,7221,エピデ?生産券
56,7321,ジェラ?生産券
56,7421,エピデ?生産券
56,7521,ジェラ?生産券
56,7621,エピデ?生産券
56,4A22,乖離剣?生産券
56,4B22,乖離剣黒?生産券
56,4C22,無銘?生産券
56,4D22,無銘黒?生産券
56,5022,壱式円満生産券
56,5122,弐式円満生産券
56,5222,壱式千成生産券
56,5322,弐式千成生産券
56,5422,プロファ生産券
56,5522,レプティ生産券
56,5622,イタシス生産券
56,5722,エピガウス生産券
56,5822,壱式繁栄生産券
56,5922,弐式繁栄生産券
56,5A22,ルオルティ生産券
56,5B22,アゲロス生産券
56,5C22,ジェラ?生産券
56,5D22,エピデ?生産券
56,5E22,ナーデルＣ生産券
56,5F22,ナーデルＬ生産券
56,6022,エイリアＬ生産券
56,6122,トーメンＬ生産券
56,6322,カエラＡ生産券
56,6422,ジルＡ生産券
56,6522,テツギＢ生産券
56,6622,ドルＢ生産券
56,6722,金猫砲・四生産券
56,6822,金猫砲・伍生産券
56,6922,金猫砲・陸生産券
56,6A22,銀猫砲・四生産券
56,6B22,銀猫砲・伍生産券
56,6C22,銀猫砲・陸生産券
56,6D22,アルクスＣ生産券
57,6E22,プエルタＣ生産券
57,6F22,アルクスＳ生産券
57,7022,プエルタＳ生産券
57,7122,シュッド生産券
57,7222,ヴェスト生産券
57,7322,メリーディ生産券
57,7422,Ｉアリア生産券
57,7522,Ｉバンク生産券
57,7622,Ｓアリア生産券
57,7722,Ｓバンク生産券
57,7822,パートル生産券
57,7922,サフィール生産券
57,7A22,ルビー生産券
57,7B22,オーパロ生産券
57,7C22,Ｄメレーナ生産券
57,7D22,レーヴＴ生産券
57,7E22,アヴリル生産券
57,7F22,ユーニウス生産券
57,8022,デサンブル生産券
57,8122,ジューン生産券
57,8222,Ｄシェーン生産券
57,8322,ベルＴ生産券
57,8422,シャルマン生産券
57,8522,クルール生産券
57,8822,スカイＳ生産券
57,8922,シャルＳ生産券
57,8A22,Ｖガルド生産券
57,8B22,Ｂガルド生産券
57,8C22,Ｐフィアロ生産券
57,8D22,Ｐバイソー生産券
57,9D22,Ｐゼスカル生産券
57,9E22,Ｆゼスカル生産券
57,9F22,Ｄゼスカル生産券
57,A022,Ａゼスカル生産券
57,A122,Ｍゼスカル生産券
57,A222,Ｇゼスカル生産券
57,A322,Ｂゼスカル生産券
57,A422,Ｐフェジカ生産券
57,A522,Ｆフェジカ生産券
57,A622,Ｄフェジカ生産券
57,A722,Ａフェジカ生産券
57,A822,Ｍフェジカ生産券
57,A922,Ｇフェジカ生産券
57,AA22,Ｂフェジカ生産券
57,AB22,ギップル生産券
57,AC22,モォーギル生産券
57,AD22,レリックＭ生産券
57,AE22,レリックＥ生産券
57,AF22,ユニカムＴ生産券
57,B022,イクロムＷ生産券
57,B122,メガデスＬ生産券
57,B222,エキドナＭ生産券
57,B922,特別シジル生産券
57,BA22,ＦＰシジル生産券
57,BB22,セロヴィ生産券
57,BC22,奇面生産券
57,BD22,シャーク生産券
57,BE22,吹吹茶釜生産券
57,BF22,ユクモ生産券
57,C022,ザイラ生産券頭
57,C122,ザイラ生産券胴
57,C222,ザイラ生産券腕
57,C322,ザイラ生産券腰
57,C422,ザイラ生産券脚
58,C522,キャロル生産券頭
58,C622,キャロル生産券胴
58,C722,キャロル生産券腕
58,C822,キャロル生産券腰
58,C922,キャロル生産券脚
58,CA22,セレナ生産券頭
58,CB22,セレナ生産券胴
58,CC22,セレナ生産券腕
58,CD22,セレナ生産券腰
58,CE22,セレナ生産券脚
58,CF22,ヒストリ生産券頭
58,D022,ヒストリ生産券胴
58,D122,ヒストリ生産券腕
58,D222,ヒストリ生産券腰
58,D322,ヒストリ生産券脚
58,8223,ラオウトＤ生産券
58,8323,ルペルスＤ生産券
58,8423,バロウＫ生産券
58,8523,ヴィラルＫ生産券
58,8623,カイントＫ生産券
58,8723,マルクＫ生産券
58,8823,デュネＫ生産券
58,8923,ローデスＧ生産券
58,8A23,モルアＧ生産券
58,8B23,ポウラＫ生産券
58,8C23,ファルガＫ生産券
58,8D23,ナイシュＫ生産券
58,8E23,パラカＫ生産券
58,8F23,ジェネビＫ生産券
58,9023,レスＧ生産券
58,9123,ガッシュＧ生産券
58,9223,Ｇシャンド生産券
58,9323,Ｆビシュナ生産券
58,9423,オナブル生産券頭
58,9523,オナブル生産券胴
58,9623,オナブル生産券腕
58,9723,オナブル生産券腰
58,9823,オナブル生産券脚
58,A723,ＯＳＴ特典生産券
58,A823,ＢＧ３生産券・１
58,A923,ＢＧ３生産券・２
58,AA23,ＢＧ３生産券・３
58,AB23,ＢＧ３生産券・４
58,AC23,ＢＧ３生産券・５
58,AD23,ＢＧ３生産券・６
58,AE23,ＢＧ３生産券・７
58,AF23,パスパピ生産券
58,B023,パススロウ生産券
58,B123,ピスアピ生産券
58,B223,ピスヒピア生産券
58,B323,ヴォルＳ生産券
58,B423,イラプＳ生産券
58,B523,ダウンＳ生産券
58,B623,イノンＳ生産券
58,B723,Ｉモルタル生産券
58,B823,Ｐモルタル生産券
58,B923,Ｉカルバリ生産券
58,BA23,Ｐカルバリ生産券
58,BB23,シエラＳ生産券
58,BC23,セーガＳ生産券
58,BD23,ノデルＦ生産券
58,BE23,ノデルＧ生産券
58,BF23,ノデルＥ生産券
58,C023,ノデルＳ生産券
59,C123,ルエニＳ生産券
59,C223,ルエニＥ生産券
59,C323,クランＦ生産券
59,C423,クランＧ生産券
59,C523,クランＥ生産券
59,C623,クランＳ生産券
59,C723,クリスＳ生産券
59,C823,クリスＥ生産券
59,8124,Ｃクレスト生産券
59,8224,Ｎタヴロス生産券
59,8324,Ｇグライラ生産券
59,8424,Ｒグライラ生産券
59,8524,シェリフ生産券頭
59,8624,シェリフ生産券胴
59,8724,シェリフ生産券腕
59,8824,シェリフ生産券腰
59,8924,シェリフ生産券脚
59,8A24,進撃生産券頭
59,8B24,進撃生産券胴
59,8C24,進撃生産券腕
59,8D24,進撃生産券腰
59,8E24,進撃生産券脚
59,8F24,IS生産券頭
59,9024,IS生産券胴
59,9124,IS生産券腕
59,9224,IS生産券腰
59,9324,IS生産券脚
59,9B24,調査兵用剣生産券
59,9C24,駐屯兵用剣生産券
59,9D24,超硬質Ｂ生産券
59,9E24,スナップＢ生産券
59,9F24,空裂生産券
59,A024,蒼流旋生産券
59,A124,ＳＬ・?生産券
59,A224,ＳＬ・?生産券
59,A324,ＳＬ・?生産券
59,A424,ＳＬ・?生産券
59,A524,ＳＬ・?生産券
59,A624,ＳＬ・?生産券
59,A724,ＲＯＳ・?生産券
59,A824,ＲＯＳ・?生産券
59,A924,ＲＯＳ・?生産券
59,AA24,ＲＯＳ・?生産券
59,AB24,ＲＯＳ・?生産券
59,AC24,ＲＯＳ・?生産券
59,AD24,ファゼルＧ生産券
59,1A25,銀月生産券
59,1B25,散華生産券
59,1C25,泡影生産券
59,1D25,紅雨生産券
59,1E25,クラニウム生産券
59,1F25,ウィキッド生産券
59,2025,飛天生産券頭
59,2125,飛天生産券胴
59,2225,飛天生産券腕
59,2325,飛天生産券腰
59,2425,飛天生産券脚
59,2525,ＦＧ１生産券・１
59,2625,ＦＧ１生産券・２
59,2725,ＦＧ１生産券・３
59,2825,ＦＧ１生産券・４
59,2925,ＦＧ１生産券・５
59,2A25,ＦＧ１生産券・６
59,2B25,ＦＧ１生産券・７
60,2F25,ヒルＤ生産券
60,3025,ルイダ生産券
60,3125,フォレＲ生産券
60,3225,ソンブＲ生産券
60,3325,マーシャ生産券
60,3425,マーシャＰ生産券
60,3525,マーシャＥ生産券
60,3625,マーシャＴ生産券
60,3725,マーシャＩ生産券
60,3825,マーシャＪ生産券
60,3925,マーシャＮ生産券
60,3A25,フォス生産券
60,3B25,フォスＰ生産券
60,3C25,フォスＥ生産券
60,3D25,フォスＴ生産券
60,3E25,フォスＩ生産券
60,3F25,フォスＪ生産券
60,4025,フォスＮ生産券
60,4325,BLクロワ生産券
60,4525,Ｊクロワ生産券
60,4625,VIクロワ生産券
60,4725,Ｃクロワ生産券
60,4825,LAクロワ生産券
60,4925,NOクロワ生産券
60,4A25,Ｒクロツ生産券
60,4C25,GRクロツ生産券
60,4D25,GEクロツ生産券
60,4E25,Ｌクロツ生産券
60,4F25,Ｈクロツ生産券
60,5025,Ｓクロツ生産券
60,5125,Ｖクロツ生産券
60,5225,ロミュ生産券
60,5325,風切Ｆ生産券
60,5425,風切Ｄ生産券
60,5925,トロＮ生産券
60,5A25,クロＤ生産券
60,5B25,ボックス生産券
60,5C25,マックス生産券
60,5D25,リレＳ生産券
60,5E25,メレＳ生産券
60,5F25,アピストＳ生産券
60,6025,グラマＳ生産券
60,6125,カメント生産券
60,6225,フィナント生産券
60,D725,アッシュ生産券頭
60,D825,アッシュ生産券胴
60,D925,アッシュ生産券腕
60,DA25,アッシュ生産券腰
60,DB25,アッシュ生産券脚
60,E025,Ｃパクト生産券
60,E225,プリマＦ生産券
60,E325,プリマＤ生産券
60,E425,ズィベイ生産券
60,4426,特別秘伝生産券
60,4526,閃軌跡生産券頭
60,4626,閃軌跡生産券胴
60,4726,閃軌跡生産券腕
60,4826,閃軌跡生産券腰
60,4926,閃軌跡生産券脚
60,4A26,ナーガ生産券頭
60,4B26,ナーガ生産券胴
60,4C26,ナーガ生産券腕
60,4D26,ナーガ生産券腰
60,4E26,ナーガ生産券脚
61,5426,オユン生産券頭
61,5526,オユン生産券胴
61,5626,オユン生産券腕
61,5726,オユン生産券腰
61,5826,オユン生産券脚
61,5926,キャリジ生産券頭
61,5A26,キャリジ生産券胴
61,5B26,キャリジ生産券腕
61,5C26,キャリジ生産券腰
61,5D26,キャリジ生産券脚
61,5E26,マーブル生産券頭
61,5F26,マーブル生産券胴
61,6026,マーブル生産券腕
61,6126,マーブル生産券腰
61,6226,マーブル生産券脚
61,6326,シャンデ生産券頭
61,6426,シャンデ生産券胴
61,6526,シャンデ生産券腕
61,6626,シャンデ生産券腰
61,6726,シャンデ生産券脚
61,6826,バンケト生産券頭
61,6926,バンケト生産券胴
61,6A26,バンケト生産券腕
61,6B26,バンケト生産券腰
61,6C26,バンケト生産券脚
61,6D26,ヴェラン生産券頭
61,6E26,ヴェラン生産券胴
61,6F26,ヴェラン生産券腕
61,7026,ヴェラン生産券腰
61,7126,ヴェラン生産券脚
61,7226,ランデグ生産券頭
61,7326,ランデグ生産券胴
61,7426,ランデグ生産券腕
61,7526,ランデグ生産券腰
61,7626,ランデグ生産券脚
61,7726,エンドレ生産券頭
61,7826,エンドレ生産券胴
61,7926,エンドレ生産券腕
61,7A26,エンドレ生産券腰
61,7B26,エンドレ生産券脚
61,7927,ギルドネコ生産券
61,7A27,どんぐり生産券
61,7B27,マグマネコ生産券
61,7C27,ギルネコ生産券頭
61,7D27,ギルネコ生産券胴
61,7E27,どんぐり生産券頭
61,7F27,どんぐり生産券胴
61,8027,マグネコ生産券頭
61,8127,マグネコ生産券胴
61,7228,ロワファル生産券
61,7528,ネコダン生産券頭
61,7628,ネコダン生産券胴
61,7728,ネコダン生産券腕
61,7828,ネコダン生産券腰
61,7928,ネコダン生産券脚
61,8C28,ハーゼ生産券
61,6129,ストラ生産券
61,6229,リウラ生産券
61,6329,ラルシャ生産券
61,6429,シェルシャ生産券
61,6529,ラグリ生産券
61,6629,ラグリＢ生産券
61,6729,ラグリＰ生産券
61,6829,ラグリＲ生産券
62,6929,ラグリＤ生産券
62,6A29,ラグリＳ生産券
62,6B29,ラグリＫ生産券
62,6C29,ザウリ生産券
62,6D29,ザウリＢ生産券
62,6E29,ザウリＰ生産券
62,6F29,ザウリＲ生産券
62,7029,ザウリＤ生産券
62,7129,ザウリＳ生産券
62,7229,ザウリＫ生産券
62,7329,花散里生産券
62,7429,藤裏葉生産券
62,7529,花宴弓生産券
62,7629,藤袴弓生産券
62,7729,デフィ生産券
62,7829,ヴィーゾフ生産券
62,7929,ライゼ生産券
62,7A29,ヴィア生産券
62,7B29,ケット生産券
62,7C29,ケットＲ生産券
62,7D29,ケットＯ生産券
62,7E29,ケットＫ生産券
62,7F29,ケットＳ生産券
62,8029,ケットＣ生産券
62,8129,ケットＤ生産券
62,8229,ポイスク生産券
62,8329,ポイスクＲ生産券
62,8429,ポイスクＪ生産券
62,8529,ポイスクＰ生産券
62,8629,ポイスクＣ生産券
62,8729,ポイスクＳ生産券
62,8829,ポイスクＵ生産券
62,8929,ローレライ生産券
62,8A29,マンサナ生産券
62,8B29,ファータ生産券
62,8C29,フルール生産券
62,A629,リースティ生産券
62,A729,デルスール生産券
62,A829,トリヘス生産券
62,A929,ルクス生産券
62,AA29,ズュート生産券
62,FE29,まどか生産券
62,012A,ＦＧ２生産券・１
62,022A,ＦＧ２生産券・２
62,032A,ＦＧ２生産券・３
62,042A,ＦＧ２生産券・４
62,052A,ＦＧ２生産券・５
62,062A,ＦＧ２生産券・６
62,072A,ＦＧ２生産券・７
62,1C2A,トゥールム生産券
62,212A,シャテム生産券頭
62,222A,シャテム生産券胴
62,232A,シャテム生産券腕
62,242A,シャテム生産券腰
62,252A,シャテム生産券脚
62,262A,ヘヴリア生産券頭
62,272A,ヘヴリア生産券胴
62,282A,ヘヴリア生産券腕
62,292A,ヘヴリア生産券腰
62,2A2A,ヘヴリア生産券脚
62,2B2A,ティルル生産券頭
62,2C2A,ティルル生産券胴
62,2D2A,ティルル生産券腕
62,2E2A,ティルル生産券腰
63,2F2A,ティルル生産券脚
63,302A,バンデ生産券頭
63,312A,バンデ生産券胴
63,322A,バンデ生産券腕
63,332A,バンデ生産券腰
63,342A,バンデ生産券脚
63,352A,天日生産券頭
63,362A,天日生産券胴
63,372A,天日生産券腕
63,382A,天日生産券腰
63,392A,天日生産券脚
63,3A2A,ベンディ生産券
63,3B2A,ルヴナン生産券
63,F72A,バンデネコ生産券
63,F82A,バンネコ生産券頭
63,F92A,バンネコ生産券胴
63,FA2A,花団子生産券
63,FB2A,天日ネコ生産券頭
63,9E2B,天日ネコ生産券胴
63,A62B,カルディア生産券
63,A72B,ムニミィ生産券
63,A82B,メロディ生産券
63,A92B,ハーモニー生産券
63,AA2B,アステリ生産券頭
63,AB2B,アステリ生産券胴
63,AC2B,アステリ生産券腕
63,AD2B,アステリ生産券腰
63,AE2B,アステリ生産券脚
63,182C,アゾット生産券
63,192C,アゾット青生産券
63,1A2C,赤槍生産券
63,1B2C,黒槍生産券
63,1C2C,マリネロ生産券
63,1D2C,マテロト生産券
63,1E2C,マール生産券
63,1F2C,タラサ生産券
63,202C,ＦＧ３生産券・１
63,212C,ＦＧ３生産券・２
63,222C,ＦＧ３生産券・３
63,232C,ＦＧ３生産券・４
63,242C,ＦＧ３生産券・５
63,252C,ルヴィニ生産券
63,262C,ディア生産券
63,272C,ヴィリ生産券
63,282C,ヴィリＢ生産券
63,292C,ヴィリＲ生産券
63,2A2C,ヴィリＬ生産券
63,2B2C,トゥパース生産券
63,2C2C,ザフィーア生産券
63,2D2C,オニチェ生産券
63,2E2C,オニチェＢ生産券
63,2F2C,オニチェＲ生産券
63,302C,オニチェＬ生産券
63,312C,マナイト生産券
63,322C,スピルネ生産券
63,422C,ヴァリエ生産券
63,432C,ルイーツ生産券
63,442C,レイアルマ生産券
63,452C,カンピ生産券
63,462C,ヴィンチ生産券
63,472C,ウィクトル生産券
63,6B2C,リネージ生産券
63,6C2C,レジーナ生産券
63,6D2C,プランス生産券
64,6E2C,ソヴリン生産券
64,6F2C,レガーリア生産券
64,702C,ノーブレス生産券
64,712C,ヴァリアＴ生産券
64,722C,エッセＳＣ生産券
64,822C,レグネコ生産券
64,8B2C,投影ネコ生産券
64,8C2C,約束ネコ生産券
64,8D2C,レグネコ生産券頭
64,972C,ネコ弓兵生産券頭
64,982C,ネコ騎士生産券頭
64,992C,レグネコ生産券胴
64,9A2C,ネコ弓兵生産券胴
64,9B2C,ネコ騎士生産券胴
64,9C2C,ＵＢＷ生産券
64,9D2C,レグヌム生産券頭
64,9E2C,レグヌム生産券胴
64,9F2C,レグヌム生産券腕
64,A02C,レグヌム生産券腰
64,A12C,レグヌム生産券脚
64,A22C,マリン生産券頭
64,A32C,マリン生産券胴
64,A42C,マリン生産券腕
64,A52C,マリン生産券腰
64,A62C,マリン生産券脚
64,A72C,ルフレ生産券頭
64,A82C,ルフレ生産券胴
64,A92C,ルフレ生産券腕
64,AA2C,ルフレ生産券腰
64,AB2C,ルフレ生産券脚
64,AC2C,ブロンテ生産券
64,AD2C,ソレーネ生産券
64,AE2C,ラピヌ生産券
64,B22C,トロピオ生産券
64,BF2C,タルネコ生産券金
64,C02C,タルネコ生産券銀
64,C12C,タルネコ生産券銅
64,1C2E,シルティ生産券
64,CE2E,アイリュー生産券
64,CF2E,砲モロコシ生産券
64,D02E,ガイアスプ生産券
64,D12E,チュク生産券
64,D22E,アルカ生産券
64,D32E,グラウＣ生産券
64,D42E,マヴロＣ生産券
64,D52E,モーヴＣ生産券
64,D62E,ローズＣ生産券
64,D72E,ラシノＣ生産券
64,D82E,ロッソン生産券
64,D92E,ＩＭペイン生産券
64,DA2E,デモンＦＵ生産券
64,DB2E,ロンギヌス生産券
64,DC2E,Ｐライフル生産券
64,DD2E,Ｐナイフ生産券
64,DE2E,Ｃソード生産券
64,F12E,運命ノ刀生産券
64,F22E,因果ノ刀生産券
64,F32E,終焉ノ鎚生産券
64,F42E,終局ノ鎚生産券
64,F52E,永久ノ弓生産券
64,F62E,久遠ノ弓生産券
64,F72E,エトトラ生産券
64,F82E,ラテジア生産券
64,F92E,アルテス生産券
65,FA2E,ポレミカ生産券
65,FB2E,Ｓディスト生産券
65,FC2E,Ｓトロール生産券
65,FD2E,Ｓエスト生産券
65,FE2E,Ｓミーラ生産券
65,FF2E,Ｓドミノ生産券
65,002F,プラル生産券
65,012F,ラルーフィ生産券
65,022F,Ｆディスト生産券
65,032F,Ｆトロール生産券
65,042F,Ｆエスト生産券
65,052F,Ｆミーラ生産券
65,062F,Ｆドミノ生産券
65,072F,ユーバー生産券
65,082F,ユファル生産券
65,132F,ガニネコ生産券
65,1C2F,ガニネコ生産券頭
65,1D2F,ペンネコ生産券頭
65,262F,ガニネコ生産券胴
65,272F,ペンネコ生産券胴
65,282F,東ネコ生産券天
65,292F,東ネコ生産券北
65,2A2F,東ネコ生産券奥
65,2B2F,東ネコ生産券江
65,2C2F,東ネコ生産券尾
65,2D2F,東ネコ生産券浪
65,2E2F,東ネコ生産券陰
65,2F2F,東ネコ生産券伊
65,302F,東ネコ生産券筑
65,312F,東ネコ生産券金
65,322F,東ネコ生産券青
65,622F,ダスク生産券頭
65,632F,ダスク生産券胴
65,642F,ダスク生産券腕
65,652F,ダスク生産券腰
65,662F,ダスク生産券脚
65,672F,ＥＶＡ生産券
65,682F,トイスト生産券
65,692F,ディナト生産券頭
65,6A2F,ディナト生産券胴
65,6B2F,ディナト生産券腕
65,6C2F,ディナト生産券腰
65,6D2F,ディナト生産券脚
65,6E2F,ドゥケ生産券頭
65,6F2F,ドゥケ生産券胴
65,702F,ドゥケ生産券腕
65,712F,ドゥケ生産券腰
65,722F,ドゥケ生産券脚
65,732F,グラヌ生産券頭
65,742F,グラヌ生産券胴
65,752F,グラヌ生産券腕
65,762F,グラヌ生産券腰
65,772F,グラヌ生産券脚
65,782F,ガニア生産券頭
65,792F,ガニア生産券胴
65,7A2F,ガニア生産券腕
65,7B2F,ガニア生産券腰
65,7C2F,ガニア生産券脚
65,6230,ＦＧ４生産券・１
65,6330,ＦＧ４生産券・２
65,6430,ＦＧ４生産券・３
65,6530,ＦＧ４生産券・４
65,6630,ＦＧ４生産券・５
65,6730,オスクリ生産券
66,6830,ルスクリ生産券
66,6930,バレンティ生産券
66,6A30,ベギア生産券
66,8030,リコ・ノ生産券
66,8130,リコ・ド生産券
66,8230,リコ・ト生産券
66,8330,リコ・ク生産券
66,8430,リコ・シ生産券
66,8530,リコ・トゥ生産券
66,8630,リコ・ガラ生産券
66,8730,ジョ・ノ生産券
66,8830,ジョ・ド生産券
66,8930,ジョ・ト生産券
66,8A30,ジョ・ク生産券
66,8B30,ジョ・シ生産券
66,8C30,ジョ・トゥ生産券
66,8D30,ジョ・ガラ生産券
66,8E30,アズゥ生産券
66,8F30,アクダル生産券
66,9030,ズセ生産券
66,9130,ロズ生産券
66,9230,ヴェルデ生産券
66,9330,アイスバ生産券
66,9430,カシウス生産券
66,9530,Ｔスピア生産券
66,9630,Ｎ２生産券
66,9730,超電磁生産券
66,B630,ヴォルガ生産券
66,B730,Ｗイーター生産券
66,B830,タチウオ生産券
66,B930,Ｂスター生産券
66,D930,カイラ生産券
66,DD30,ヴィーチ生産券
66,EA30,ＥＶＡ生産券?
66,EB30,ペンネコ生産券
66,EC30,ギルスカ生産券
66,ED30,アミスタ生産券頭
66,EE30,アミスタ生産券胴
66,EF30,アミスタ生産券腕
66,F030,アミスタ生産券腰
66,F130,アミスタ生産券脚
66,E131,アミネコ生産券
66,EA31,アミネコ生産券頭
66,F331,アミネコ生産券胴
66,2832,パラリル生産券
66,2932,デシルト生産券
66,3532,ガガチュ生産券
66,4832,シエロ生産券
66,4932,サルタ生産券
66,4A32,トドル生産券
66,4B32,ミネスト生産券
66,5132,千代生産券頭
66,5232,千歳神楽生産券
66,5332,玉響神楽生産券
66,5532,千代生産券胴
66,5632,千代生産券腕
66,5732,千代生産券腰
66,5832,千代生産券脚
66,AF32,ペリネコ生産券
66,B032,ペリネコ生産券頭
66,B132,ペリネコ生産券胴
66,B632,マシノ生産券
66,B732,ミミタル生産券
66,B832,デュヴェ生産券
67,B932,イレク生産券
67,BA32,シンシュ生産券
67,BB32,フェザ生産券
67,BC32,電流鉄骨生産券
67,BD32,ジャン剣生産券
67,BE32,ＢＯＦ生産券
67,BF32,リュウ龍生産券
67,C032,リュウ炎生産券
67,C132,円月刀雷生産券
67,C232,円月刀火生産券
67,D532,ランツェＢ生産券
67,D632,ランツェＡ生産券
67,D732,ランツェＶ生産券
67,D832,ランツェＮ生産券
67,DB32,ランツェＲ生産券
67,DD32,ランツェＬ生産券
67,DE32,ペリフ生産券頭
67,DF32,カイジ生産券
67,E332,セイラー生産券
67,E432,スフレ生産券
67,EA32,ＦＧ５生産券・１
67,EB32,ＦＧ５生産券・２
67,EC32,ＦＧ５生産券・３
67,ED32,ＦＧ５生産券・４
67,EE32,ＦＧ５生産券・５
67,7933,アーベン生産券
67,7A33,ケラヴノ生産券
67,8733,テリュオ生産券
67,8833,ペリフ生産券胴
67,8933,ペリフ生産券腕
67,8A33,ペリフ生産券腰
67,8B33,ペリフ生産券脚
67,0E34,和花生産券
67,0F34,Ｓフレア生産券?
67,1034,Ｓフレア生産券?
67,1134,Ｓフレア生産券?
67,3034,ＮＫ１生産券・１
67,3134,ＮＫ１生産券・２
67,3234,ＮＫ１生産券・３
67,3334,ＮＫ１生産券・４
67,3434,ＮＫ１生産券・５
67,5034,グーネコ生産券
67,5134,東ネコ剣生産券天
67,5234,東ネコ剣生産券北
67,5334,東ネコ槌生産券奥
67,5434,東ネコ槌生産券江
67,5534,東ネコ剣生産券尾
67,5634,東ネコ槌生産券浪
67,5734,東ネコ槌生産券陰
67,5834,東ネコ槌生産券伊
67,5934,東ネコ槌生産券筑
67,5C34,アイルー生産券
67,6834,ＮＫ２生産券・１
67,6934,ＮＫ２生産券・２
67,6A34,ＮＫ２生産券・３
67,6B34,ＮＫ２生産券・４
67,6C34,ＮＫ２生産券・５
67,6E34,アイルー刀生産券
67,6F34,メラルー刀生産券
67,7034,アイルー棍生産券
67,7134,メラルー棍生産券
67,7234,アイルー銃生産券
67,7334,メラルー銃生産券
67,7434,双鉄扇生産券
68,7534,丸太大剣生産券
68,7634,丸太槌生産券
68,7734,鉄扇剣生産券
68,7834,雅生産券
68,7C34,ポイニー生産券
68,7D34,ルーフス生産券
68,7E34,シーニット生産券
68,7F34,ウィリディ生産券
68,8034,アルブス生産券
68,8134,シュウィ生産券
68,8234,皇氷大剣生産券
68,8334,冥氷大剣生産券
68,8434,王皇氷剣斧生産券
68,8534,王冥氷剣斧生産券
68,8934,アウラ生産券
68,8A34,和奏生産券
68,8B34,タルタ生産券
68,8C34,ルルタ生産券
68,8D34,クロフィ生産券
68,8E34,グーダン生産券頭
68,8F34,グーダン生産券胴
68,9034,グーダン生産券腕
68,9134,グーダン生産券腰
68,9234,グーダン生産券脚
68,9334,紅皇氷生産券頭
68,9434,紅皇氷生産券胴
68,9534,紅皇氷生産券腕
68,9634,紅皇氷生産券腰
68,9734,紅皇氷生産券脚
68,9834,蒼皇氷生産券頭
68,9934,蒼皇氷生産券胴
68,9A34,蒼皇氷生産券腕
68,9B34,蒼皇氷生産券腰
68,9C34,蒼皇氷生産券脚
68,9D34,白皇氷生産券頭
68,9E34,白皇氷生産券胴
68,9F34,白皇氷生産券腕
68,A034,白皇氷生産券腰
68,A134,白皇氷生産券脚
68,B434,皇氷弩生産券
68,B534,皇氷弩改生産券
68,B634,皇氷弩舞生産券
68,B734,皇氷弩襲生産券
68,B834,皇氷弩氷河生産券
68,B934,王皇氷弩生産券
68,BA34,王皇氷弩改生産券
68,BB34,冥氷弩生産券
68,BC34,冥氷弩改生産券
68,BD34,冥氷弩舞生産券
68,BE34,冥氷弩襲生産券
68,BF34,冥氷弩氷河生産券
68,C034,王冥氷弩生産券
68,C134,王冥氷弩改生産券
68,C434,チアリム生産券
68,3835,エヴネコ生産券
68,3A35,ティオ生産券
68,3B35,ズィオ生産券
68,3E35,ＮＫ３生産券・１
68,3F35,ＮＫ３生産券・２
68,4035,ＮＫ３生産券・３
68,4135,ＮＫ３生産券・４
68,4235,ＮＫ３生産券・５
68,4335,ＮＫ３生産券・６
68,D735,マヴロヴ生産券
69,D835,ロゾヴィ生産券
69,D935,ヴィグル生産券
69,DA35,ソリテュー生産券
69,DB35,プレット生産券
69,DC35,ネキュロ生産券
69,DE35,サクフィ生産券
69,DF35,アスモ生産券
69,E035,ディオス生産券
69,E135,エヴォル生産券
69,E235,キャロル生産券Ｃ
69,E335,ザイラ生産券Ｃ
69,E435,ルース生産券Ｃ
69,4636,エヴォル生産券Ｄ
69,7036,デスタン生産券
69,7136,エヴァイ生産券
69,7236,スコペル生産券
69,7336,パルトネ生産券
69,7436,ディレット生産券
69,7536,Ｄソルテ生産券
69,7636,Ｄタジャウ生産券
69,7736,Ｄヴィーゴ生産券
69,7836,Ｄシィラ生産券
69,7936,Ｄサン生産券
69,7A36,Ｄシン生産券
69,7B36,イスティ生産券
69,7C36,Ｅソルテ生産券
69,7D36,Ｅタジャウ生産券
69,7E36,Ｅヴィーゴ生産券
69,7F36,Ｅシィラ生産券
69,8036,Ｅサン生産券
69,8136,Ｅシン生産券
69,8236,王皇氷弩絶生産券
69,8336,王冥氷弩絶生産券
69,8436,星空タクト生産券
69,8536,星空弓生産券
69,8636,夜空タクト生産券
69,8736,夜空弓生産券
69,8836,雪ミク2017生産券
69,8936,ワンダレ生産券
69,8A36,ムルタ生産券
69,8B36,ハウラ生産券
69,8C36,パンセ生産券
69,8D36,マリジュ生産券
69,8E36,ワンダレ生産券Ｄ
69,8F36,蒼皇氷生産券Ｄ
69,9036,白皇氷生産券Ｄ
69,9136,紅皇氷生産券Ｄ
69,A236,ペレグリ生産券
69,B536,サクフィ生産券Ｄ
69,B636,アスモ生産券Ｄ
69,B736,ディオス生産券Ｄ
69,B836,アステリ生産券Ｄ
69,B936,リアン生産券Ｄ
69,BA36,キャロル生産券Ｄ
69,CA36,ハウラ生産券Ｄ
69,CB36,パンセ生産券Ｄ
69,CC36,マリジュ生産券Ｄ
69,CD36,雪ミク生産券Ｄ
69,CE36,ミクコス生産券Ｄ
69,CF36,和奏生産券Ｄ
69,D036,アイルー生産券Ｄ
69,F136,ＩＣソード生産券
69,F236,ＬＨソード生産券
69,F336,Ｇリーパー生産券
70,F536,サガ生産券
70,F636,Ｔ２６０Ｇ生産券
70,0837,エミール生産券Ｄ
70,0937,ヘシュム生産券
70,0A37,ヘシュム生産券Ｄ
70,0B37,カサミエ生産券
70,0C37,カサミエ生産券Ｄ
70,2C37,サガ生産券Ｄ
70,2D37,シエロ生産券Ｄ
70,2E37,ヴィーチ生産券Ｄ
70,6337,ＦＧ６生産券・１
70,6437,ＦＧ６生産券・２
70,6537,ＦＧ６生産券・３
70,6637,ＦＧ６生産券・４
70,6737,ＦＧ６生産券・５
70,6837,フルＢ生産券
70,6937,フルＢ亜生産券
70,6A37,フルＢ辿生産券
70,6B37,シエロ生産券Ｃ
70,6C37,アイルー生産券Ｃ
70,6D37,Fate／SN生産券Ｄ
70,6E37,Fate?生産券Ｄ
70,6F37,アーベン生産券Ｄ
70,7037,アウラ生産券Ｄ
70,7137,クロフィ生産券Ｄ
70,7237,ケラヴノ生産券Ｄ
70,7337,ペンレ生産券Ｄ
70,7437,ペンレ生産券
70,7537,ロッカ生産券Ｄ
70,7637,ロッカ生産券
70,7937,NieR生産券
70,7A37,NieR生産券Ｄ
70,7B37,白の約定生産券
70,7C37,白の哀哭生産券
70,CB37,ＮＫ４生産券・１
70,CC37,ＮＫ４生産券・２
70,CD37,ＮＫ４生産券・３
70,CE37,ＮＫ４生産券・４
70,D037,ガガチュ生産券Ｄ
70,EA37,ムルタ生産券Ｄ
70,1138,黄金翼生産券
70,1F38,10周年武器生産券
70,2038,10周年防具生産券
70,4238,10周年生産券Ｃ
70,4338,10周年ネコ生産券
70,4638,ザッカ生産券
70,4738,ランタナ生産券
70,4838,エリス生産券
70,4D38,ザッカ生産券Ｄ
70,4E38,ランタナ生産券Ｄ
70,4F38,エリス生産券Ｄ
70,5038,和花生産券Ｄ
70,5138,マギサ生産券Ｄ
70,5238,シャラン生産券Ｄ
70,5338,キャリジ生産券Ｄ
70,5438,マーブル生産券Ｄ
70,5538,シャンデ生産券Ｄ
70,5638,バンケト生産券Ｄ
70,9F38,アニ2010生産券Ｄ
70,A038,アニ2011生産券Ｄ
70,A138,アニ2012生産券Ｄ
70,A238,ズィベイ生産券Ｄ
70,A438,シャルフ生産券
70,A538,カマラ生産券
71,A638,ルーチェ生産券
71,A738,レビン生産券
71,A838,小力生産券Ｄ
71,A938,シャルフ生産券Ｄ
71,AA38,カマラ生産券Ｄ
71,AB38,ルーチェ生産券Ｄ
71,AE38,レビン生産券Ｄ
71,D538,秘伝生産券Ｄ白
71,D638,秘伝生産券Ｄ紅
71,E838,ラブリーAT生産券
71,E938,ラブリーBO生産券
71,EA38,ラブリーＰ生産券
71,EB38,ベイビーAT生産券
71,EC38,ベイビーBO生産券
71,ED38,ベイビーＰ生産券
71,4139,原初の火生産券
71,4239,転輪勝利生産券
71,4339,EXTELLA生産券
71,4439,EXTELLA生産券Ｄ
71,4539,薔薇ネコ生産券
71,4639,シュイ生産券
71,4739,シュイ生産券Ｄ
71,4939,ヒプノＲ生産券Ｄ
71,4A39,ヒプノＬ生産券Ｄ
71,4B39,エス生産券Ｄ
71,4C39,エコール生産券Ｄ
71,4D39,ガンズ生産券Ｄ
71,4E39,アグリア生産券Ｄ
71,4F39,フォーヴ生産券Ｄ
71,5039,ティーア生産券Ｄ
71,5139,ミューズ生産券Ｄ
71,5239,ディクト生産券Ｄ
71,5339,クリュス生産券Ｄ
71,5439,スタリナ生産券Ｄ
71,5539,ルース生産券Ｄ
71,5639,ミラド生産券Ｄ
71,5739,デュール生産券Ｄ
71,5839,ロバスト生産券Ｄ
71,5939,ファルコ生産券Ｄ
71,5A39,ハウクス生産券Ｄ
71,5B39,ピラータ生産券Ｄ
71,5C39,ゼロイ生産券Ｄ
71,5D39,レイル生産券Ｄ
71,5E39,リーデレ生産券Ｄ
71,5F39,リエット生産券Ｄ
71,6039,ルターレ生産券Ｄ
71,6139,流転生産券Ｄ
71,6239,嵐転生産券Ｄ
71,6339,キュビィ生産券Ｄ
71,6439,ケモル生産券Ｄ
71,6539,ラトリア生産券Ｄ
71,6639,コンタオ生産券Ｄ
71,6739,オービス生産券Ｄ
71,6839,ロット生産券Ｄ
71,6939,ウーコン生産券Ｄ
71,6A39,ニンバス生産券Ｄ
71,6B39,月陽生産券Ｄ
71,6C39,曙光生産券Ｄ
71,7039,ＵＢＷ生産券Ｄ
71,7139,まどか生産券Ｄ
71,7239,アニ2013生産券Ｄ
71,7339,アニ2014生産券Ｄ
71,7439,カイラ生産券Ｄ
71,CB39,ラグリPT生産券
72,CC39,ザウリPT生産券
72,CD39,IMソロウ生産券
72,CE39,ストームFU生産券
72,073A,アルフィ生産券
72,2B3A,カイファ生産券
72,2E3A,アルフィ生産券Ｄ
72,2F3A,カイファ生産券Ｄ
72,303A,アニ2015生産券Ｄ
72,313A,千代生産券Ｄ
72,323A,進撃生産券Ｄ
72,333A,ネコダン生産券Ｄ
72,343A,グーダン生産券Ｄ
72,383A,FateAP?生産券
72,393A,FateAP?生産券
72,3A3A,FateAP?生産券Ｄ
72,3B3A,FateAP?生産券Ｄ
72,3C3A,聖女ネコ生産券
72,3D3A,燦然と輝く生産券
72,3E3A,幻想大剣生産券
72,3F3A,十二勇士生産券
72,403A,聖女御旗生産券
72,413A,ストラザ生産券
72,423A,ストラザ生産券Ｄ
72,AF3A,ゲイボルグ生産券
72,B03A,ゴールデン生産券
72,B13A,アウナス鎌生産券
72,B23A,竜鱗の剣生産券
72,B33A,サガ?生産券
72,B43A,サガ?生産券Ｄ
72,B63A,サイネ生産券
72,B73A,サイネ生産券Ｄ
72,D43A,ハーゼ生産券Ｄ
72,D53A,ルヴナン生産券Ｄ
72,D63A,ウイング生産券
72,D73A,ウイング生産券Ｄ
72,D83A,ピンビ生産券
72,D93A,ピンビ生産券Ｄ
72,DA3A,プリブ生産券
72,DB3A,プリブ生産券Ｄ
72,F93A,ロビンネコ生産券
72,FF3A,ＮＫ５生産券・１
72,003B,ＮＫ５生産券・２
72,013B,ＮＫ５生産券・３
72,023B,ＮＫ５生産券・４
72,033B,ＮＫ５生産券・５
72,043B,ＮＫ５生産券・６
72,093B,ディラン生産券
72,0A3B,ディラン生産券Ｄ
72,0B3B,ディブル生産券
72,0C3B,ディブル生産券Ｄ
72,0E3B,シャルル生産券
72,0F3B,シャルル生産券Ｄ
72,673B,カリス生産券
72,683B,カリス生産券Ｄ
72,693B,デストラ生産券
72,6A3B,デストラ生産券Ｄ
72,743B,フィンス生産券
72,753B,フィンス生産券Ｄ
72,763B,ディンス生産券
72,773B,ディンス生産券Ｄ
72,783B,レニガン生産券
72,793B,レニガン生産券Ｄ
72,B13B,舞姫歌扇生産券
72,B23B,Ｓイーター生産券
73,B33B,ストレイダ生産券
73,B43B,樽ラッピー生産券
73,B53B,ＰＳＯ２生産券
73,B63B,ＰＳＯ２生産券Ｄ
73,B93B,メタル生産券Ｄ
73,BA3B,プロミス生産券Ｄ
73,BB3B,星祭生産券Ｄ
73,BC3B,イクス生産券Ｄ
73,BD3B,きんねこ生産券Ｄ
73,BE3B,ぎんねこ生産券Ｄ
73,BF3B,クレール生産券Ｄ
73,C03B,ゴルト生産券Ｄ
73,C13B,ファラン生産券Ｄ
73,C23B,テクスト生産券Ｄ
73,C33B,ガリトス生産券Ｄ
73,C43B,スリート生産券Ｄ
73,C53B,ステノ生産券Ｄ
73,C63B,エディオ生産券Ｄ
73,C73B,オメット生産券Ｄ
73,C83B,カエシス生産券Ｄ
73,C93B,ゾデック生産券Ｄ
73,CA3B,アージェ生産券Ｄ
73,CB3B,カマレラ生産券Ｄ
73,CC3B,メテネラ生産券Ｄ
73,CD3B,アビット生産券Ｄ
73,CE3B,リブリー生産券Ｄ
73,CF3B,マゴス生産券Ｄ
73,D03B,ピクス生産券Ｄ
73,D13B,セクティ生産券Ｄ
73,D23B,オナブル生産券Ｄ
73,D33B,飛天生産券Ｄ
73,D43B,バンデ生産券Ｄ
73,D53B,レグヌム生産券Ｄ
73,D63B,ガニア生産券Ｄ
73,D73B,アミスタ生産券Ｄ
73,D83B,ペリフ生産券Ｄ
73,D93B,アルマ生産券Ｄ
73,DA3B,レアル生産券Ｄ
73,DB3B,フェルム生産券Ｄ
73,DC3B,メレティ生産券Ｄ
73,DD3B,アリスト生産券Ｄ
73,DE3B,リゲリア生産券Ｄ
73,DF3B,バーニー生産券Ｄ
73,E03B,蘭陀生産券Ｄ
73,E13B,マイスト生産券Ｄ
73,E23B,トラス生産券Ｄ
73,E33B,カウチュ生産券Ｄ
73,E43B,シエナ生産券Ｄ
73,E53B,レイスト生産券Ｄ
73,E63B,クロース生産券Ｄ
73,E73B,グロリア生産券Ｄ
73,E83B,ゲルト生産券Ｄ
73,E93B,セレナ生産券Ｄ
73,EA3B,シェリフ生産券Ｄ
73,EB3B,ナーガ生産券Ｄ
73,EC3B,天日生産券Ｄ
73,ED3B,ルフレ生産券Ｄ
73,EE3B,マリン生産券Ｄ
73,EF3B,ダスク生産券Ｄ
73,603C,ラッピー生産券Ｄ
73,613C,ラピネコ生産券
73,8D3C,ミニオ生産券
73,8E3C,ハリネ生産券
73,8F3C,パッカリＧ生産券
74,903C,パックリＧ生産券
74,913C,でか焼鳥生産券
74,923C,Ｌネコ生産券
74,933C,アリシア生産券
74,943C,アリシア生産券Ｄ
74,A13C,雅葉ノ装生産券
74,A23C,雅葉ノ装生産券Ｄ
74,A33C,雅葉ノ装生産券Ｃ
74,A43C,ファビラ生産券
74,A53C,ファビラ生産券Ｄ
74,983D,アスモ生産券Ｃ
74,993D,ロッカ生産券Ｃ
74,9A3D,ルーチェ生産券Ｃ
74,9B3D,シュイ生産券Ｃ
74,9C3D,アウラ生産券Ｃ
74,9E3D,アリシス生産券
74,9F3D,アリシス生産券Ｄ
74,A03D,ロゥリィ生産券
74,A13D,ロゥリィ生産券Ｄ
74,A43D,鬼武者生産券Ｄ
74,B13D,グーク生産券鶴
74,B23D,グーク生産券鴨
74,B33D,グーク生産券鸚鵡
74,B43D,グーク生産券毒
74,B53D,グーク生産券麻痺
74,B63D,グーク生産券氷
74,B73D,グーク生産券怪鳥
74,B83D,グーク生産券怪亜
74,B93D,グーク生産券眠鳥
74,BA3D,グーク生産券眠繁
74,BB3D,グーク生産券眠希
74,BC3D,グーク生産券金
74,BD3D,グーク生産券銀
74,BE3D,グーク生産券銅
74,BF3D,グーク足生産券虹
74,C03D,グーク足生産券金
74,C13D,グーク足生産券銀
74,C23D,グーク足生産券銅
74,C33D,グーク生産券Ｃ
74,C73D,グーク生産券白Ｄ
74,C83D,グーク生産券赤Ｄ
74,C93D,グーク生産券灰Ｄ
74,CB3D,ラビウス生産券
74,CC3D,ラビウス生産券Ｄ
74,CD3D,ロクラス生産券
74,CE3D,ロクラス生産券Ｄ
74,CF3D,レコリス生産券
74,D03D,レコリス生産券Ｄ
74,D63F,フィニス生産券
74,D73F,フィニス生産券Ｄ
74,D83F,フィール生産券
74,D93F,フィール生産券Ｄ
74,DA3F,マリーナ生産券
74,DB3F,マリーナ生産券Ｄ
74,DC3F,アリシャ生産券
74,DD3F,アリシャ生産券Ｄ
74,DE3F,シュリ生産券
74,DF3F,シュリ生産券Ｄ
74,E03F,リッカ生産券
74,E13F,リッカ生産券Ｄ
74,3A40,キンコウ生産券
74,3B40,キンコウ生産券Ｄ
74,3C40,アンブ生産券
74,3D40,アンブ生産券Ｄ
75,3E40,了奏生産券
75,3F40,了奏生産券Ｄ
75,4040,ジェムズ生産券
75,4140,ジェムズ生産券Ｄ
75,4240,フィーネ生産券
75,4340,フィーネ生産券Ｄ
75,4440,ケリス生産券
75,4540,ケリス生産券Ｄ
75,4640,コトナ生産券
75,4740,コトナ生産券Ｄ
75,4B40,ＦＺ生産券・１
75,4C40,ＦＺ生産券・２
75,4D40,ＦＺ生産券・３
75,4E40,ＦＺ生産券・４
75,4F40,ＦＺ生産券・５
75,5040,ＦＺ生産券・６
75,5140,ＦＺ生産券・７
75,5240,ＦＺ生産券・８
75,5340,ＦＺ生産券・９
75,5440,ＦＺ生産券・１０
75,5540,ＦＺ生産券・１１
75,5640,ＦＺ生産券・１２
75,5740,ＦＺ生産券・１３
75,5840,ＦＺ生産券・１４
75,6C40,アービタ生産券
75,6D40,アービタ生産券Ｄ
75,9140,ＮＫ６生産券・１
75,9240,ＮＫ６生産券・２
75,9340,ＮＫ６生産券・３
75,9440,ＮＫ６生産券・４
